{
	"format_version": "1.12.0",
	"minecraft:geometry": [
		{
			"description": {
				"identifier": "geometry.robot",
				"texture_width": 64,
				"texture_height": 64,
				"visible_bounds_width": 2,
				"visible_bounds_height": 2,
				"visible_bounds_offset": [0, 1, 0]
			},
			"bones": [
				{
					"name": "root",
					"pivot": [0, 0, 0]
				},
				{
					"name": "wheel",
					"parent": "root",
					"pivot": [0, 2, 0],
					"cubes": [
						{"origin": [-1, 0, -3], "size": [2, 6, 6], "uv": [24, 27]},
						{"origin": [-3, 2.5, -0.5], "size": [6, 1, 1], "uv": [0, 50]}
					]
				},
				{
					"name": "body",
					"parent": "root",
					"pivot": [0, 0, 0],
					"cubes": [
						{"origin": [1.25187, 2.27524, -1], "size": [1, 5, 2], "pivot": [0, 0, 0], "rotation": [0, 0, 6], "uv": [20, 39], "mirror": true},
						{"origin": [-3, 7, -3], "size": [6, 9, 6], "uv": [30, 0]},
						{"origin": [-5, 13, -1], "size": [2, 2, 4], "uv": [0, 39]},
						{"origin": [3, 13, -1], "size": [2, 2, 4], "uv": [0, 39], "mirror": true},
						{"origin": [-4, 10, 2], "size": [8, 8, 4], "uv": [0, 15]},
						{"origin": [-3, 12, 3], "size": [6, 8, 4], "uv": [24, 15]},
						{"origin": [-4, 19, 2], "size": [8, 4, 4], "uv": [0, 27]},
						{"origin": [-2.25187, 2.27524, -1], "size": [1, 5, 2], "pivot": [0, 0, 0], "rotation": [0, 0, -6], "uv": [20, 39]},
						{"origin": [-2, 6.62679, -3.26946], "size": [4, 1, 4], "pivot": [0, 0, 0], "rotation": [-35, 0, 0], "uv": [40, 27]}
					]
				},
				{
					"name": "right_arm",
					"parent": "body",
					"pivot": [-4, 13, 0],
					"rotation": [-30, 15, 0],
					"cubes": [
						{"origin": [-5, 9, -1], "size": [2, 5, 2], "uv": [12, 39]}
					]
				},
				{
					"name": "right_lower_arm",
					"parent": "right_arm",
					"pivot": [-4, 9, 0],
					"rotation": [-15, 0, -10],
					"cubes": [
						{"origin": [-4.5, 5, -0.5], "size": [1, 4, 1], "uv": [28, 46]}
					]
				},
				{
					"name": "right_hand",
					"parent": "right_lower_arm",
					"pivot": [-4, 5, 0],
					"rotation": [-20, -20, 0],
					"cubes": [
						{"origin": [-5, 4, -1], "size": [2, 1, 2], "uv": [10, 46]},
						{"origin": [-4.78869, 2.04685, -1], "size": [1, 2, 2], "inflate": -0.01, "pivot": [-4, 5, 0], "rotation": [0, 0, 25], "uv": [22, 46]},
						{"origin": [-4, 2, -0.5], "size": [1, 2, 1], "pivot": [-4, 5, 0], "rotation": [0, 0, -20], "uv": [0, 52]}
					]
				},
				{
					"name": "left_arm",
					"parent": "body",
					"pivot": [4, 13, 0],
					"rotation": [-30, -15, 0],
					"cubes": [
						{"origin": [3, 9, -1], "size": [2, 5, 2], "uv": [12, 39], "mirror": true}
					]
				},
				{
					"name": "left_lower_arm",
					"parent": "left_arm",
					"pivot": [4, 9, 0],
					"rotation": [-15, 0, 10],
					"cubes": [
						{"origin": [3.5, 5, -0.5], "size": [1, 4, 1], "uv": [28, 46], "mirror": true}
					]
				},
				{
					"name": "left_hand",
					"parent": "left_lower_arm",
					"pivot": [4, 5, 0],
					"rotation": [-20, 20, 0],
					"cubes": [
						{"origin": [3, 4, -1], "size": [2, 1, 2], "uv": [10, 46], "mirror": true},
						{"origin": [3.78869, 2.04685, -1], "size": [1, 2, 2], "inflate": -0.01, "pivot": [4, 5, 0], "rotation": [0, 0, -25], "uv": [22, 46], "mirror": true},
						{"origin": [3, 2, -0.5], "size": [1, 2, 1], "pivot": [4, 5, 0], "rotation": [0, 0, 20], "uv": [0, 52], "mirror": true}
					]
				},
				{
					"name": "head",
					"parent": "body",
					"pivot": [0, 15, -3],
					"cubes": [
						{"origin": [-1, 14, -4], "size": [2, 2, 2], "uv": [0, 46]},
						{"origin": [-4, 16, -7], "size": [8, 7, 7], "uv": [0, 0]},
						{"origin": [-1, 25.79555, -5.05291], "size": [2, 2, 2], "pivot": [0, 15, -3], "rotation": [-15, 0, 0], "uv": [32, 39]},
						{"origin": [-0.5, 20.79555, -4.55291], "size": [1, 5, 1], "pivot": [0, 15, -3], "rotation": [-15, 0, 0], "uv": [18, 46]}
					]
				}
			]
		}
	]
}