{
    "format_version": "1.8.0",
    "render_controllers": {
        "controller.render.robot": {
            "arrays": {
                "textures": {
                    "Array.variant": [
                        "Texture.default",
                        "Texture.variant_b",
                        "Texture.variant_c"
                    ]
                }
            },
            "geometry": "Geometry.default",
            "materials": [ { "*": "Material.default" } ],
            "textures": [ "Array.variant[ query.variant ]" ]
        }
    }
}
